/* Datos de distritos */
/* Distrito(ID_distrito, nombre, provincia, region, disponible) */
INSERT INTO Distrito VALUES(1, 'Lima', 'Lima', 'Lima', 1);
INSERT INTO Distrito VALUES(2, 'Ancón', 'Lima', 'Lima', 0);
INSERT INTO Distrito VALUES(3, 'Ate', 'Lima', 'Lima', 1);
INSERT INTO Distrito VALUES(4, 'Barranco', 'Lima', 'Lima', 1);
INSERT INTO Distrito VALUES(5, 'Breña', 'Lima', 'Lima', 1);
INSERT INTO Distrito VALUES(6, 'Carabayllo', 'Lima', 'Lima', 0);
INSERT INTO Distrito VALUES(7, 'Chaclacayo', 'Lima', 'Lima', 0);
INSERT INTO Distrito VALUES(8, 'Chorrillos', 'Lima', 'Lima', 1);
INSERT INTO Distrito VALUES(9, 'Cienieguilla', 'Lima', 'Lima', 0);
INSERT INTO Distrito VALUES(10, 'Comas', 'Lima', 'Lima', 0);
INSERT INTO Distrito VALUES(11, 'El Agustino', 'Lima', 'Lima', 1);
INSERT INTO Distrito VALUES(12, 'Independencia', 'Lima', 'Lima', 1);
INSERT INTO Distrito VALUES(13, 'Jesus María', 'Lima', 'Lima', 1);
INSERT INTO Distrito VALUES(14, 'La Molina', 'Lima', 'Lima', 1);
INSERT INTO Distrito VALUES(15, 'La Victoria', 'Lima', 'Lima', 1);
INSERT INTO Distrito VALUES(16, 'Lince', 'Lima', 'Lima', 1);
INSERT INTO Distrito VALUES(17, 'Los Olivos', 'Lima', 'Lima', 1);
INSERT INTO Distrito VALUES(18, 'Lurigancho', 'Lima', 'Lima', 0);
INSERT INTO Distrito VALUES(19, 'Lurín', 'Lima', 'Lima', 0);
INSERT INTO Distrito VALUES(20, 'Magdalena del Mar', 'Lima', 'Lima', 1);
INSERT INTO Distrito VALUES(21, 'Miraflores', 'Lima', 'Lima', 1);
INSERT INTO Distrito VALUES(22, 'Pachacámac', 'Lima', 'Lima', 0);
INSERT INTO Distrito VALUES(23, 'Pucusana', 'Lima', 'Lima', 0);
INSERT INTO Distrito VALUES(24, 'Pueblo Libre', 'Lima', 'Lima', 1);
INSERT INTO Distrito VALUES(25, 'Puente Piedra', 'Lima', 'Lima', 0);
INSERT INTO Distrito VALUES(26, 'Punta Hermosa', 'Lima', 'Lima', 0);
INSERT INTO Distrito VALUES(27, 'Punta Negra', 'Lima', 'Lima', 0);
INSERT INTO Distrito VALUES(28, 'Rímac', 'Lima', 'Lima', 0);
INSERT INTO Distrito VALUES(29, 'San Bartolo', 'Lima', 'Lima', 0);
INSERT INTO Distrito VALUES(30, 'San Borja', 'Lima', 'Lima', 1);
INSERT INTO Distrito VALUES(31, 'San Isidro', 'Lima', 'Lima', 1);
INSERT INTO Distrito VALUES(32, 'San Juan de Lurigancho', 'Lima', 'Lima', 0);
INSERT INTO Distrito VALUES(33, 'San Juan de Miraflores', 'Lima', 'Lima', 0);
INSERT INTO Distrito VALUES(34, 'San Luis', 'Lima', 'Lima', 1);
INSERT INTO Distrito VALUES(35, 'San Martín de Porres', 'Lima', 'Lima', 1);
INSERT INTO Distrito VALUES(36, 'San Miguel', 'Lima', 'Lima', 1);
INSERT INTO Distrito VALUES(37, 'Santa Anita', 'Lima', 'Lima', 0);
INSERT INTO Distrito VALUES(38, 'Santa María del Mar', 'Lima', 'Lima', 0);
INSERT INTO Distrito VALUES(39, 'Santa Rosa', 'Lima', 'Lima', 0);
INSERT INTO Distrito VALUES(40, 'Santiago de Surco', 'Lima', 'Lima', 1);
INSERT INTO Distrito VALUES(41, 'Surquillo', 'Lima', 'Lima', 1);
INSERT INTO Distrito VALUES(42, 'Villa El Salvador', 'Lima', 'Lima', 0);
INSERT INTO Distrito VALUES(43, 'Villa María del Triunfo', 'Lima', 'Lima', 0);
INSERT INTO Distrito VALUES(44, 'Callao', 'Callao', 'Callao', 1);
INSERT INTO Distrito VALUES(45, 'Bellavista', 'Callao', 'Callao', 1);
INSERT INTO Distrito VALUES(46, 'Carmen de La Legua Reynoso', 'Callao', 'Callao', 0);
INSERT INTO Distrito VALUES(47, 'La Perla', 'Callao', 'Callao', 1);
INSERT INTO Distrito VALUES(48, 'La Punta', 'Callao', 'Callao', 1);
INSERT INTO Distrito VALUES(49, 'Ventanilla', 'Callao', 'Callao', 0);
INSERT INTO Distrito VALUES(50, 'Mi Perú', 'Callao', 'Callao', 0);

/* Ejemplos de datos de clientes */
/* Cliente (ID_cliente, DNI_cliente, primer_nombre, primer_apellido, email, celular) */
INSERT INTO Cliente VALUES(1, '70176253', 'Paolo', 'Bejarano', 'paolobejarano@mail.com', '983776344');
INSERT INTO Cliente VALUES(2, '70827364', 'Claudia', 'Padilla', 'claudiapadilla@mail.com', '987263827');
INSERT INTO Cliente VALUES(3, '7086733', 'Valeria', 'Orme','valeriaorme@mail.com', '927736543');
INSERT INTO Cliente VALUES(4, '7098111', 'Kathy', 'Barrantes','kathybarrantes@mail.com', '928738621');
INSERT INTO Cliente VALUES(5, '71273344', 'Mishelle', 'Murrugarra','mishellemurrugarra@mail.com', '996232111');
INSERT INTO Cliente VALUES(6, '71878901', 'Oscar', 'Rivas','oscarrivas@mail.com', '928726354');
INSERT INTO Cliente VALUES(7, '70998927', 'Manuel', 'Aguilar','manuelaguilar@mail.com', '992837473');
INSERT INTO Cliente VALUES(8, '71233422', 'Alvaro', 'Cardenas','alvarocardenas@mail.com', '961107431');
INSERT INTO Cliente VALUES(9, '72971512', 'Renato', 'Palomino','renatopalomino@mail.com', '987123456');
INSERT INTO Cliente VALUES(10, '70119283', 'Francisco', 'Nieto','francisconieto@mail.com', '917625344');
INSERT INTO Cliente VALUES(11, '70287344', 'Luis', 'Cacho','luiscacho@mail.com', '997265354');
INSERT INTO Cliente VALUES(12, '71238798', 'Juan', 'Barrientos','juanbarrientos@mail.com', '989727643');
INSERT INTO Cliente VALUES(13, '72598344', 'Ivan', 'Klinkovich', 'ivanklinjovich@mail.com', '998734465');
INSERT INTO Cliente VALUES(14, '70988972', 'Sebastian', 'Ramos', 'sebastianramos@mail.com', '994885632');
INSERT INTO Cliente VALUES(15, '70123143', 'Fernando', 'Rhor', 'fernandorhor@mail.com', '987121343');
INSERT INTO Cliente VALUES(16, '70984274', 'Eduardo', 'Landa', 'eduardolanda@mail.com', '988726333');
INSERT INTO Cliente VALUES(17, '72987867', 'Franco', 'Sanchez', 'francosanchez@mail.com', '993242554');
INSERT INTO Cliente VALUES(18, '72129887', 'Renzo', 'Casas', 'renzocasas@mail.com', '998787263');
INSERT INTO Cliente VALUES(19, '71893744', 'Rafael', 'Dellafredad', 'rafaeldellafredad@mail.com', '987122635');
INSERT INTO Cliente VALUES(20, '70784532', 'Alex', 'Guerrero', 'alexguerrero@mail.com', '999121765');

/* Ejemplos de direcciones */
/* Direccion(ID_direccion, direccion, referencias, id_distrito, id_cliente) */
INSERT INTO Direccion VALUES(1, 'Av. Escardó 264 Dpto. 701', 'A 2 cuadras de Av. Costanera', 36, 1);
INSERT INTO Direccion VALUES(2, 'Av. Victor Andres Belaunde 147, Via Real 133, Edificio Real Dos', 'Edifico de colores detras del Centro Comercial Camino Real', 31, 1);
INSERT INTO Direccion VALUES(3, 'Av. Pezet 1310 Dpto. 301', 'Al frente del Golf Club', 31, 2);
INSERT INTO Direccion VALUES(4, 'Av. Benavides 2210 Oficina 201', 'A 3 cuadras de Paseo de la República', 21, 3);
INSERT INTO Direccion VALUES(5, 'Av. San Felipe 1701 Dpto. 503', 'A 2 cuadras del Canal 2', 13, 4);
INSERT INTO Direccion VALUES(6, 'Av. Jose Pardo 201 Dpto. 303', 'A 2 cuadras del óvalo de Av. Ejercito', 21, 5);
INSERT INTO Direccion VALUES(7, 'Jr. Trujillo 717 Dpto. 501', 'Al frente del parque Leoncio Prado', 20, 6);
INSERT INTO Direccion VALUES(8, 'Av. Jorge Basadre 120 Oficina 301', 'Entre Javier Prado y Av. Arequipa', 31, 6);
INSERT INTO Direccion VALUES(9, 'Calle Diez Canseco Nº 487 Dpto. 503', 'A pocas cuadras del parque Kennedy', 21, 6);
INSERT INTO Direccion VALUES(10, 'Calle La Libertad 174 Dpto. 202', 'A 1 cuadra de Av. Pardo', 21, 7);
INSERT INTO Direccion VALUES(11, 'Av. Brasil 3999', 'A 3 cuadras de La Marina', 20, 8);
INSERT INTO Direccion VALUES(12, 'Av. San Borja Norte 717 Dpto. 202', 'A 2 cuadras de Aviación', 30, 9);
INSERT INTO Direccion VALUES(13, 'Av. San Martín 514 Dpto. 501', 'A 4 cuadras del malecón', 21, 10);
INSERT INTO Direccion VALUES(14, 'Av. República de Panamá 3400 Oficina 301', 'Edificio ubicado en el Centro Financiero', 31, 10);
INSERT INTO Direccion VALUES(15, 'Jr. Castilla 241 Dpto. 202', 'A 1 cuadra del malecón de Magadalena', 20, 11);
INSERT INTO Direccion VALUES(16, 'Calle Los Alcanflores 163', 'A 1 cuadra de Raul Ferrero', 14, 11);
INSERT INTO Direccion VALUES(17, 'Av. Juan de Aliaga 313 Oficina 901', 'Cruce con Javier Prado', 20, 12);
INSERT INTO Direccion VALUES(18, 'Malecón de la Reserva 500 Dpto. 801', 'Al frente de Larcomar', 21, 13);
INSERT INTO Direccion VALUES(19, 'Av. Benavides 2150 Piso 4', 'Ubicado en el Centro Empresarial Reducto', 21, 14);
INSERT INTO Direccion VALUES(20, 'Av. Ejército 1120 Oficina 302', 'A 4 cuadras de Av. Salaverry con Ejercito', 20, 15);
INSERT INTO Direccion VALUES(21, 'Av. Circunvalación del Golf 402 Dpto. 303', 'Al frente del Golf Los Incas', 40, 15);
INSERT INTO Direccion VALUES(22, 'Calle Andrés Segovia 102 Dpto. 402', 'Dentro de la Urbanización Las Magnolias', 30, 16);
INSERT INTO Direccion VALUES(23, 'Av. La Molina 3360', 'Al frente de la Municipalidad de La Molina', 14, 16);
INSERT INTO Direccion VALUES(24, 'Av. General Cordova 658 Dpto. 202', 'Al frente de Parque Naciones Unidas', 21, 17);
INSERT INTO Direccion VALUES(25, 'Av. Javier Prado Este 611 Oficina 1501', 'Edicio de 24 pisos en Javier Prado', 31, 17);
INSERT INTO Direccion VALUES(26, 'Av. Tejada 275 Dpto. 402', 'Al frente del Parque Armendariz y de la UTEC.', 21, 18);
INSERT INTO Direccion VALUES(27, 'Av. Juan de Arona 517 Oficina 701', 'A dos cuadras de la Av. Arequipa', 31, 18);
INSERT INTO Direccion VALUES(28, 'Av. El sol 135 Dpto. 303', 'Cruce Av. El sol con Miguel Grau', 4, 18);
INSERT INTO Direccion VALUES(29, 'Av. Alfredo Salazar 101 Dpto. 303', 'A una cuadra de Alvarez Calderon', 31, 19);
INSERT INTO Direccion VALUES(30, 'Caminos del Inca 240 Oficina 1001', 'A 3 cuadras del Centro Comercial Caminos del Inca', 40, 19);
INSERT INTO Direccion VALUES(31, 'Prado Ugarteche 550', 'A 1 cuadra de Av. La Molina', 14, 20);
INSERT INTO Direccion VALUES(32, 'Calle El Boulevard 141 Oficina 701', 'Edifico Blu Building en El Polo', 40, 20);

/* Ejemplo de trabajdores */
/* Trabajador(ID_trabajador, dni_trabajador, primer_nombre, primer_apellido, celular, contacto_de_emergencia) */
INSERT INTO Trabajador VALUES(1, '29506272', 'Maritza', 'Soria', '988123864', 'Julissa Soria (Hermana) 932 837 433', 1);
INSERT INTO Trabajador VALUES(2, '20526343', 'Alejandra', 'Valera', '987265322', 'Lesly Valera(Prima hermana) 989 142 363', 1);
INSERT INTO Trabajador VALUES(3, '01987266', 'Emma', 'Rodriguez', '991675232', 'Luciano Rodriguez (Hermano) 987 125 531', 1);
INSERT INTO Trabajador VALUES(4, '01229867', 'Nelly', 'Arellano', '959234837', 'Jaime Arellano(Familiar cercano) 984 123 253', 1);
INSERT INTO Trabajador VALUES(5, '29304353', 'Maria', 'Delgado', '991563746', 'Alexia Delgado 918 728 912', 1);
INSERT INTO Trabajador VALUES(6, '29783412', 'Erika', 'Velarde', '989872314', 'Camila Velarde 977 132 124', 1);
INSERT INTO Trabajador VALUES(7, '01987283', 'Fernanda', 'Barreda', '998734124', 'Elena Barreda 987 178 532', 1);
INSERT INTO Trabajador VALUES(8, '01975378', 'Janet', 'Guillen', '991242332', 'Johan Guillen 999123253', 1);
INSERT INTO Trabajador VALUES(9, '01947829', 'Alejandra', 'Ceballos', '989712353', 'Marco Ceballos 989138723', 1);
INSERT INTO Trabajador VALUES(10, '70127376', 'Nancy', 'Ochoa', '999786423', 'Pamela Ochoa (Mamá) 989787973', 1);

/* Ejemplo de proveedores */
/* (ID_proveedor, RUC, razon_social, email, celular) */
INSERT INTO Proveedor VALUES(1, '11726354546', 'Distribuidora de productos de limpieza del Peru S.A.C.', 'ventas@productosdelimpieza.pe', '987262534');
INSERT INTO Proveedor VALUES(2, '15265353461', 'Distribuidora de químicos en lima E.I.R.L.', 'ventas@quimicoslima.pe', '997625353');
INSERT INTO Proveedor VALUES(3, '11298756991', 'Comercial de detergentes E.I.R.L.', 'contacto@detergentes.pe', '981123432');
INSERT INTO Proveedor VALUES(4, '14765351545', 'Solminsa S.A.C.', 'ventas@solminsa.com', '978123464');
INSERT INTO Proveedor VALUES(5, '11334873468', 'Limpimax S.A.C.', 'ventas@limpimax.pe', '978645132');
INSERT INTO Proveedor VALUES(6, '11724353546', 'Eco clean Peru S.A.C.', 'ventas@ecoclean.pe', '991657487');
INSERT INTO Proveedor VALUES(7, '11985350479', 'Promafa E.I.R.L.', 'contacto@promafa.pe', '967687125');
INSERT INTO Proveedor VALUES(8, '11998341284', 'Ilumina clean S.A.C.', 'comercial@iluminaclean.pe', '912764812');
INSERT INTO Proveedor VALUES(9, '13712153341', 'Distribuidora Clean Twist S.A.C.', 'contacto@cleantwist.pe', '987164762');
INSERT INTO Proveedor VALUES(10, '11347329871', 'Grupo Mercel E.I.R.L.', 'ventas@grupomercel.com', '978678721');

/* Ejemplo de productos */
/* Producto(ID_producto, nombre, presentacion) */
INSERT INTO Producto VALUES (1, 'Limpiador polvo y brillo', '300 ml');
INSERT INTO Producto VALUES (2, '25 Bolsas de Basura Negras', 'unidad');
INSERT INTO Producto VALUES (3, 'Limpiador de tapicería Saca Manchas', 'Frasco 300ml');
INSERT INTO Producto VALUES (4, 'Detergente Líquido con Jabón Natural', 'Envase 5L');
INSERT INTO Producto VALUES (5, 'Detergente Líquido con Aloe Vera', 'Envase 5L');
INSERT INTO Producto VALUES (6, 'Detergente Bebé', 'Envase 2L');
INSERT INTO Producto VALUES (7, 'Detergente Jabón Natural', 'Envase 2L');
INSERT INTO Producto VALUES (8, 'Detergente Líquido Wash', 'Envase 2L');
INSERT INTO Producto VALUES (9, 'Detergente en polvo', 'Envase 2kg');
INSERT INTO Producto VALUES (10, 'Detergente en polvo', 'Envase 4kg');
INSERT INTO Producto VALUES (11, 'Detergente en polvo', 'Envase 5.8kg');
INSERT INTO Producto VALUES (12, 'Detergente en polvo con un toque de Downy', 'Envase 4kg');
INSERT INTO Producto VALUES (13, 'Detergente en polvo Ultra Blanqueador', 'Envase 4kg');
INSERT INTO Producto VALUES (14, 'Detergente en polvo con perlas limpiadoras', 'Envase 2kg');
INSERT INTO Producto VALUES (15, 'Detergente en polvo con un toque de Downy', 'Envase 2kg');
INSERT INTO Producto VALUES (16, 'Detergente líquido concentrado', 'Envase 1200ml');
INSERT INTO Producto VALUES (17, 'Detergente líquido concentrado', 'Envase 2L');
INSERT INTO Producto VALUES (18, 'Detergente en Polvo Aroma Floral', 'Envase 4.5kg');
INSERT INTO Producto VALUES (19, 'Quitamanchas líquido', 'Frasco 850ml');
INSERT INTO Producto VALUES (20, 'Suavizante Tela Aroma Floral', 'Botella 5L');
INSERT INTO Producto VALUES (21, 'Limpiador Líquido Baños', 'Envase 450ml');
INSERT INTO Producto VALUES (22, 'Limpiardor Líquido Baños Antihongos', 'Envase 450ml');
INSERT INTO Producto VALUES (23, 'Limpiador Líquido Baños Cocina Antibacterial', 'Envase 500ml');
INSERT INTO Producto VALUES (24, 'Limpiador Crema Original con Macropartículas', 'Envase 375g');
INSERT INTO Producto VALUES (25, 'Limpiador Líquido Antigrasa Superficies', 'Envase 500ml');
INSERT INTO Producto VALUES (26, 'Limpiador líquido vidrios y superficies delicadas', 'Envase 500ml');
INSERT INTO Producto VALUES (27, 'Desinfectante para baños', 'Frasco 500ml');
INSERT INTO Producto VALUES (28, 'Protector Pisos de Madera', 'Frasco 700ml');
INSERT INTO Producto VALUES (29, 'Limpiador para pantalla LCD y plasma', 'Frasco 240ml');
INSERT INTO Producto VALUES (30, 'Limpiador para alfombras', 'Frasco 600ml');
INSERT INTO Producto VALUES (31, 'Lejía Aroma Lavanda', 'Envase 2L');
INSERT INTO Producto VALUES (32, 'Lejía Aroma Limón', 'Envase 2L');
INSERT INTO Producto VALUES (33, 'Lejía Tradicional', 'Envase 4L');
INSERT INTO Producto VALUES (34, 'Lejía Aroma Bebé', 'Envase 2L');
INSERT INTO Producto VALUES (35, 'Limpia Inodoro', 'Frasco 500ml');
INSERT INTO Producto VALUES (36, 'Paño absorbente', 'Paquete 8 unidades');
INSERT INTO Producto VALUES (37, 'Guantes multiusos', 'Unidad');
INSERT INTO Producto VALUES (38, 'Esponja 2 en 1', 'Pack 1 unidad');
INSERT INTO Producto VALUES (39, 'Toallitas húmedas desinfectantes limón', 'Frasco 35 unidades');
INSERT INTO Producto VALUES (40, 'Limpiador alfombras', 'Frasco 600ml');
INSERT INTO Producto VALUES (41, 'Esponjas multiusos', 'Paquete 3 unidades');
INSERT INTO Producto VALUES (42, 'Limpiador lavanda', 'Galonera 4L');
INSERT INTO Producto VALUES (43, 'Quitamanchas ropa blanca', 'Envase 900g');
INSERT INTO Producto VALUES (44, 'Esponja cero rayas', 'Paquete 2 unidades');
INSERT INTO Producto VALUES (45, 'Sacagrasa Aroma Limón', 'Frasco 650ml');
INSERT INTO Producto VALUES (46, 'Paño máxima absorción', 'Bolsa 3 unidades');
INSERT INTO Producto VALUES (47, 'Cera Líquida Amarilla', 'Doypack 300ml');
INSERT INTO Producto VALUES (48, 'Limpiavidrios con gatillo', 'Frasco 650ml');
INSERT INTO Producto VALUES (49, 'Guantes medianos', 'Paquete 1 unidad');
INSERT INTO Producto VALUES (50, 'Aromatizador de ambientes', 'Aerosol 360ml');

/* Ejemplo de proveedores por producto */
/* Proveedor_por_producto(ID_proveedor_por_producto, ID_proveedor, ID_producto) */
INSERT INTO Proveedor_por_producto VALUES(1, 1, 1);
INSERT INTO Proveedor_por_producto VALUES(2, 1, 2);
INSERT INTO Proveedor_por_producto VALUES(3, 1, 3);
INSERT INTO Proveedor_por_producto VALUES(4, 1, 4);
INSERT INTO Proveedor_por_producto VALUES(5, 1, 5);
INSERT INTO Proveedor_por_producto VALUES(6, 1, 6);
INSERT INTO Proveedor_por_producto VALUES(7, 1, 7);
INSERT INTO Proveedor_por_producto VALUES(8, 1, 8);
INSERT INTO Proveedor_por_producto VALUES(9, 1, 9);
INSERT INTO Proveedor_por_producto VALUES(10, 1, 10);
INSERT INTO Proveedor_por_producto VALUES(11, 1, 11);
INSERT INTO Proveedor_por_producto VALUES(12, 1, 12);
INSERT INTO Proveedor_por_producto VALUES(13, 1, 13);
INSERT INTO Proveedor_por_producto VALUES(14, 1, 14);
INSERT INTO Proveedor_por_producto VALUES(15, 1, 15);
INSERT INTO Proveedor_por_producto VALUES(16, 1, 16);
INSERT INTO Proveedor_por_producto VALUES(17, 1, 17);
INSERT INTO Proveedor_por_producto VALUES(18, 1, 18);
INSERT INTO Proveedor_por_producto VALUES(19, 1, 19);
INSERT INTO Proveedor_por_producto VALUES(20, 1, 20);
INSERT INTO Proveedor_por_producto VALUES(21, 1, 21);
INSERT INTO Proveedor_por_producto VALUES(22, 1, 22);
INSERT INTO Proveedor_por_producto VALUES(23, 1, 23);
INSERT INTO Proveedor_por_producto VALUES(24, 1, 24);
INSERT INTO Proveedor_por_producto VALUES(25, 1, 25);
INSERT INTO Proveedor_por_producto VALUES(26, 1, 30);
INSERT INTO Proveedor_por_producto VALUES(27, 1, 31);
INSERT INTO Proveedor_por_producto VALUES(28, 1, 32);
INSERT INTO Proveedor_por_producto VALUES(29, 1, 33);
INSERT INTO Proveedor_por_producto VALUES(30, 1, 34);
INSERT INTO Proveedor_por_producto VALUES(31, 1, 35);
INSERT INTO Proveedor_por_producto VALUES(32, 1, 36);
INSERT INTO Proveedor_por_producto VALUES(33, 1, 37);
INSERT INTO Proveedor_por_producto VALUES(34, 1, 38);
INSERT INTO Proveedor_por_producto VALUES(35, 1, 39);
INSERT INTO Proveedor_por_producto VALUES(36, 1, 40);
INSERT INTO Proveedor_por_producto VALUES(37, 1, 41);
INSERT INTO Proveedor_por_producto VALUES(38, 2, 15);
INSERT INTO Proveedor_por_producto VALUES(39, 2, 16);
INSERT INTO Proveedor_por_producto VALUES(40, 2, 17);
INSERT INTO Proveedor_por_producto VALUES(41, 2, 18);
INSERT INTO Proveedor_por_producto VALUES(42, 2, 19);
INSERT INTO Proveedor_por_producto VALUES(43, 2, 20);
INSERT INTO Proveedor_por_producto VALUES(44, 2, 21);
INSERT INTO Proveedor_por_producto VALUES(45, 2, 22);
INSERT INTO Proveedor_por_producto VALUES(46, 2, 23);
INSERT INTO Proveedor_por_producto VALUES(47, 2, 24);
INSERT INTO Proveedor_por_producto VALUES(48, 2, 25);
INSERT INTO Proveedor_por_producto VALUES(49, 2, 26);
INSERT INTO Proveedor_por_producto VALUES(50, 2, 27);
INSERT INTO Proveedor_por_producto VALUES(51, 2, 28);
INSERT INTO Proveedor_por_producto VALUES(52, 2, 29);
INSERT INTO Proveedor_por_producto VALUES(53, 2, 30);
INSERT INTO Proveedor_por_producto VALUES(54, 2, 31);
INSERT INTO Proveedor_por_producto VALUES(55, 2, 32);
INSERT INTO Proveedor_por_producto VALUES(56, 2, 33);
INSERT INTO Proveedor_por_producto VALUES(57, 2, 34);
INSERT INTO Proveedor_por_producto VALUES(58, 2, 35);
INSERT INTO Proveedor_por_producto VALUES(59, 2, 36);
INSERT INTO Proveedor_por_producto VALUES(60, 2, 37);
INSERT INTO Proveedor_por_producto VALUES(61, 2, 38);
INSERT INTO Proveedor_por_producto VALUES(62, 2, 39);
INSERT INTO Proveedor_por_producto VALUES(63, 2, 40);
INSERT INTO Proveedor_por_producto VALUES(64, 2, 41);
INSERT INTO Proveedor_por_producto VALUES(65, 2, 42);
INSERT INTO Proveedor_por_producto VALUES(66, 2, 43);
INSERT INTO Proveedor_por_producto VALUES(67, 2, 44);
INSERT INTO Proveedor_por_producto VALUES(68, 2, 45);
INSERT INTO Proveedor_por_producto VALUES(69, 2, 46);
INSERT INTO Proveedor_por_producto VALUES(70, 2, 47);
INSERT INTO Proveedor_por_producto VALUES(71, 2, 48);
INSERT INTO Proveedor_por_producto VALUES(72, 2, 49);
INSERT INTO Proveedor_por_producto VALUES(73, 2, 50);
INSERT INTO Proveedor_por_producto VALUES(74, 2, 1);
INSERT INTO Proveedor_por_producto VALUES(75, 2, 2);
INSERT INTO Proveedor_por_producto VALUES(76, 2, 3);
INSERT INTO Proveedor_por_producto VALUES(77, 2, 4);
INSERT INTO Proveedor_por_producto VALUES(78, 2, 5);
INSERT INTO Proveedor_por_producto VALUES(79, 2, 6);
INSERT INTO Proveedor_por_producto VALUES(80, 3, 45);
INSERT INTO Proveedor_por_producto VALUES(81, 3, 46);
INSERT INTO Proveedor_por_producto VALUES(82, 3, 47);
INSERT INTO Proveedor_por_producto VALUES(83, 3, 48);
INSERT INTO Proveedor_por_producto VALUES(84, 3, 49);
INSERT INTO Proveedor_por_producto VALUES(85, 3, 50);
INSERT INTO Proveedor_por_producto VALUES(86, 3, 1);
INSERT INTO Proveedor_por_producto VALUES(87, 3, 2);
INSERT INTO Proveedor_por_producto VALUES(88, 3, 3);
INSERT INTO Proveedor_por_producto VALUES(89, 3, 4);
INSERT INTO Proveedor_por_producto VALUES(90, 3, 5);
INSERT INTO Proveedor_por_producto VALUES(91, 3, 6);
INSERT INTO Proveedor_por_producto VALUES(92, 3, 7);
INSERT INTO Proveedor_por_producto VALUES(93, 3, 8);
INSERT INTO Proveedor_por_producto VALUES(94, 3, 9);
INSERT INTO Proveedor_por_producto VALUES(95, 3, 10);
INSERT INTO Proveedor_por_producto VALUES(96, 3, 11);
INSERT INTO Proveedor_por_producto VALUES(97, 3, 12);
INSERT INTO Proveedor_por_producto VALUES(98, 3, 13);
INSERT INTO Proveedor_por_producto VALUES(99, 3, 14);
INSERT INTO Proveedor_por_producto VALUES(100, 3, 15);
INSERT INTO Proveedor_por_producto VALUES(101, 3, 16);
INSERT INTO Proveedor_por_producto VALUES(102, 3, 17);
INSERT INTO Proveedor_por_producto VALUES(103, 3, 18);
INSERT INTO Proveedor_por_producto VALUES(104, 3, 19);
INSERT INTO Proveedor_por_producto VALUES(105, 3, 20);
INSERT INTO Proveedor_por_producto VALUES(106, 3, 21);
INSERT INTO Proveedor_por_producto VALUES(107, 4, 1);
INSERT INTO Proveedor_por_producto VALUES(108, 4, 2);
INSERT INTO Proveedor_por_producto VALUES(109, 4, 3);
INSERT INTO Proveedor_por_producto VALUES(110, 4, 4);
INSERT INTO Proveedor_por_producto VALUES(111, 4, 5);
INSERT INTO Proveedor_por_producto VALUES(112, 4, 10);
INSERT INTO Proveedor_por_producto VALUES(113, 4, 11);
INSERT INTO Proveedor_por_producto VALUES(114, 4, 12);
INSERT INTO Proveedor_por_producto VALUES(115, 4, 13);
INSERT INTO Proveedor_por_producto VALUES(116, 5, 20);
INSERT INTO Proveedor_por_producto VALUES(117, 5, 21);
INSERT INTO Proveedor_por_producto VALUES(118, 5, 22);
INSERT INTO Proveedor_por_producto VALUES(119, 5, 23);
INSERT INTO Proveedor_por_producto VALUES(120, 5, 24);
INSERT INTO Proveedor_por_producto VALUES(121, 5, 25);
INSERT INTO Proveedor_por_producto VALUES(122, 5, 40);
INSERT INTO Proveedor_por_producto VALUES(123, 5, 41);
INSERT INTO Proveedor_por_producto VALUES(124, 6, 42);
INSERT INTO Proveedor_por_producto VALUES(125, 6, 43);
INSERT INTO Proveedor_por_producto VALUES(126, 6, 44);
INSERT INTO Proveedor_por_producto VALUES(127, 6, 45);
INSERT INTO Proveedor_por_producto VALUES(128, 6, 46);
INSERT INTO Proveedor_por_producto VALUES(129, 7, 15);
INSERT INTO Proveedor_por_producto VALUES(130, 7, 16);
INSERT INTO Proveedor_por_producto VALUES(131, 7, 17);
INSERT INTO Proveedor_por_producto VALUES(132, 7, 18);
INSERT INTO Proveedor_por_producto VALUES(133, 7, 19);
INSERT INTO Proveedor_por_producto VALUES(134, 7, 20);
INSERT INTO Proveedor_por_producto VALUES(135, 7, 21);
INSERT INTO Proveedor_por_producto VALUES(136, 7, 22);
INSERT INTO Proveedor_por_producto VALUES(137, 7, 23);
INSERT INTO Proveedor_por_producto VALUES(138, 8, 30);
INSERT INTO Proveedor_por_producto VALUES(139, 8, 31);
INSERT INTO Proveedor_por_producto VALUES(140, 8, 32);
INSERT INTO Proveedor_por_producto VALUES(141, 8, 33);
INSERT INTO Proveedor_por_producto VALUES(142, 9, 1);
INSERT INTO Proveedor_por_producto VALUES(143, 9, 2);
INSERT INTO Proveedor_por_producto VALUES(144, 9, 3);
INSERT INTO Proveedor_por_producto VALUES(145, 9, 4);
INSERT INTO Proveedor_por_producto VALUES(146, 9, 5);
INSERT INTO Proveedor_por_producto VALUES(147, 10, 25);
INSERT INTO Proveedor_por_producto VALUES(148, 10, 26);
INSERT INTO Proveedor_por_producto VALUES(149, 10, 27);
INSERT INTO Proveedor_por_producto VALUES(150, 10, 28);


/* Ejemplos de solicitudes */
/* Solicitud(ID_solicitud, fecha_y_hora_de_solicitud, ID_cliente) */
INSERT INTO Solicitud VALUES(1, '2019-01-01 11:55:00.000', 1);
INSERT INTO Solicitud VALUES(2, '2019-01-03 11:45:10.000', 2);
INSERT INTO Solicitud VALUES(3, '2019-01-04 10:55:00.000', 3);
INSERT INTO Solicitud VALUES(4, '2019-01-04 09:20:00.000', 4);
INSERT INTO Solicitud VALUES(5, '2019-01-07 09:45:00.000', 5);
INSERT INTO Solicitud VALUES(6, '2019-01-11 09:30:00.000', 6);
INSERT INTO Solicitud VALUES(7, '2019-01-13 11:45:00.000', 7);
INSERT INTO Solicitud VALUES(8, '2019-01-18 11:30:00.000', 1);
INSERT INTO Solicitud VALUES(9, '2019-01-19 11:20:00.000', 2);
INSERT INTO Solicitud VALUES(10, '2019-02-01 13:30:00.000', 3);
INSERT INTO Solicitud VALUES(11, '2019-02-02 10:55:00.000', 8);
INSERT INTO Solicitud VALUES(12, '2019-02-02 11:55:00.000', 9);
INSERT INTO Solicitud VALUES(13, '2019-02-07 13:20:00.000', 10);
INSERT INTO Solicitud VALUES(14, '2019-02-09 11:30:00.000', 11);
INSERT INTO Solicitud VALUES(15, '2019-02-11 12:55:00.000', 12);
INSERT INTO Solicitud VALUES(16, '2019-02-12 10:30:00.000', 13);
INSERT INTO Solicitud VALUES(17, '2019-02-20 11:20:00.000', 14);
INSERT INTO Solicitud VALUES(18, '2019-03-01 13:45:00.000', 15);
INSERT INTO Solicitud VALUES(19, '2019-03-03 11:55:00.000', 16);
INSERT INTO Solicitud VALUES(20, '2019-03-05 12:30:00.000', 11);
INSERT INTO Solicitud VALUES(21, '2019-03-09 12:45:00.000', 12);
INSERT INTO Solicitud VALUES(22, '2019-03-10 11:30:00.000', 6);
INSERT INTO Solicitud VALUES(23, '2019-03-11 11:30:00.000', 7);
INSERT INTO Solicitud VALUES(24, '2019-03-15 13:55:00.000', 8);
INSERT INTO Solicitud VALUES(25, '2019-03-18 11:45:00.000', 9);
INSERT INTO Solicitud VALUES(26, '2019-03-20 11:20:00.000', 1);
INSERT INTO Solicitud VALUES(27, '2019-03-21 10:55:00.000', 5);
INSERT INTO Solicitud VALUES(28, '2019-03-22 10:30:00.000', 4);
INSERT INTO Solicitud VALUES(29, '2019-03-22 10:30:00.000', 8);
INSERT INTO Solicitud VALUES(30, '2019-03-25 12:45:00.000', 11);
INSERT INTO Solicitud VALUES(31, '2019-03-28 11:45:00.000', 12);
INSERT INTO Solicitud VALUES(32, '2019-03-29 13:55:00.000', 11);
INSERT INTO Solicitud VALUES(33, '2019-03-30 15:30:00.000', 1);
INSERT INTO Solicitud VALUES(34, '2019-03-30 11:55:00.000', 4);
INSERT INTO Solicitud VALUES(35, '2019-03-31 11:20:00.000', 5);
INSERT INTO Solicitud VALUES(36, '2019-04-01 13:30:00.000', 3);
INSERT INTO Solicitud VALUES(37, '2019-04-03 11:30:00.000', 13);
INSERT INTO Solicitud VALUES(38, '2019-04-03 11:55:00.000', 15);
INSERT INTO Solicitud VALUES(39, '2019-04-04 10:30:00.000', 17);
INSERT INTO Solicitud VALUES(40, '2019-04-05 10:15:00.000', 10);
INSERT INTO Solicitud VALUES(41, '2019-04-06 10:45:00.000', 11);
INSERT INTO Solicitud VALUES(42, '2019-04-09 12:55:00.000', 18);
INSERT INTO Solicitud VALUES(43, '2019-04-10 11:30:00.000', 19);
INSERT INTO Solicitud VALUES(44, '2019-04-11 15:20:00.000', 9);
INSERT INTO Solicitud VALUES(45, '2019-04-11 13:45:00.000', 6);
INSERT INTO Solicitud VALUES(46, '2019-04-14 11:15:00.000', 7);
INSERT INTO Solicitud VALUES(47, '2019-04-15 10:15:00.000', 8);
INSERT INTO Solicitud VALUES(48, '2019-04-17 10:30:00.000', 5);
INSERT INTO Solicitud VALUES(49, '2019-04-18 11:30:00.000', 4);
INSERT INTO Solicitud VALUES(50, '2019-04-18 11:45:00.000', 3);
INSERT INTO Solicitud VALUES(51, '2019-04-20 12:45:00.000', 1);
INSERT INTO Solicitud VALUES(52, '2019-04-21 10:55:00.000', 10);
INSERT INTO Solicitud VALUES(53, '2019-04-22 13:20:00.000', 11);
INSERT INTO Solicitud VALUES(54, '2019-04-22 13:30:00.000', 12);
INSERT INTO Solicitud VALUES(55, '2019-04-24 11:30:00.000', 2);
INSERT INTO Solicitud VALUES(56, '2019-04-24 11:30:00.000', 17);
INSERT INTO Solicitud VALUES(57, '2019-04-25 11:55:00.000', 16);
INSERT INTO Solicitud VALUES(58, '2019-04-25 11:30:00.000', 18);
INSERT INTO Solicitud VALUES(59, '2019-04-25 15:30:00.000', 4);
INSERT INTO Solicitud VALUES(60, '2019-04-26 13:30:00.000', 3);
INSERT INTO Solicitud VALUES(61, '2019-04-26 12:15:00.000', 6);
INSERT INTO Solicitud VALUES(62, '2019-04-27 10:20:00.000', 5);
INSERT INTO Solicitud VALUES(63, '2019-04-28 11:05:00.000', 15);
INSERT INTO Solicitud VALUES(64, '2019-04-29 11:55:00.000', 14);
INSERT INTO Solicitud VALUES(65, '2019-04-30 13:30:00.000', 13);
INSERT INTO Solicitud VALUES(66, '2019-04-30 10:30:00.000', 20);
INSERT INTO Solicitud VALUES(67, '2019-04-30 10:05:00.000', 1);
INSERT INTO Solicitud VALUES(68, '2019-05-01 11:15:00.000', 7);
INSERT INTO Solicitud VALUES(69, '2019-05-01 12:30:00.000', 8);
INSERT INTO Solicitud VALUES(70, '2019-05-02 11:55:00.000', 9);
INSERT INTO Solicitud VALUES(71, '2019-05-03 12:15:00.000', 11);
INSERT INTO Solicitud VALUES(72, '2019-05-03 11:30:00.000', 10);
INSERT INTO Solicitud VALUES(73, '2019-05-04 12:05:00.000', 17);
INSERT INTO Solicitud VALUES(74, '2019-05-06 10:30:00.000', 18);
INSERT INTO Solicitud VALUES(75, '2019-05-06 10:30:00.000', 19);
INSERT INTO Solicitud VALUES(76, '2019-05-07 13:30:00.000', 2);
INSERT INTO Solicitud VALUES(77, '2019-05-08 11:05:00.000', 3);
INSERT INTO Solicitud VALUES(78, '2019-05-09 11:30:00.000', 15);
INSERT INTO Solicitud VALUES(79, '2019-05-09 12:30:00.000', 11);
INSERT INTO Solicitud VALUES(80, '2019-05-11 10:30:00.000', 12);
INSERT INTO Solicitud VALUES(81, '2019-05-13 10:30:00.000', 10);
INSERT INTO Solicitud VALUES(82, '2019-05-14 11:30:00.000', 1);
INSERT INTO Solicitud VALUES(83, '2019-05-14 08:30:00.000', 20);
INSERT INTO Solicitud VALUES(84, '2019-05-15 08:15:00.000', 5);
INSERT INTO Solicitud VALUES(85, '2019-05-16 13:30:00.000', 2);
INSERT INTO Solicitud VALUES(86, '2019-05-16 08:30:00.000', 14);
INSERT INTO Solicitud VALUES(87, '2019-05-17 13:30:00.000', 17);
INSERT INTO Solicitud VALUES(88, '2019-05-17 11:30:00.000', 3);
INSERT INTO Solicitud VALUES(89, '2019-05-19 08:30:00.000', 6);
INSERT INTO Solicitud VALUES(90, '2019-05-19 08:30:00.000', 7);
INSERT INTO Solicitud VALUES(91, '2019-05-20 11:30:00.000', 8);
INSERT INTO Solicitud VALUES(92, '2019-05-21 13:30:00.000', 9);
INSERT INTO Solicitud VALUES(93, '2019-05-24 08:30:00.000', 20);
INSERT INTO Solicitud VALUES(94, '2019-05-25 10:15:00.000', 11);
INSERT INTO Solicitud VALUES(95, '2019-05-27 10:30:00.000', 13);
INSERT INTO Solicitud VALUES(96, '2019-05-27 08:30:00.000', 15);
INSERT INTO Solicitud VALUES(97, '2019-05-28 13:30:00.000', 12);
INSERT INTO Solicitud VALUES(98, '2019-05-29 10:30:00.000', 16);
INSERT INTO Solicitud VALUES(99, '2019-05-30 08:30:00.000', 18);
INSERT INTO Solicitud VALUES(100, '2019-05-30 11:15:00.000', 19);

/* Ejemplos de servicios */
/* Servicio(ID_servicio, fecha_del_servicio, numero_de_horas, hora_de_inicio, comision_empresa, ID_solicitud, ID_direccion, ID_trabajador) */
INSERT INTO Servicio VALUES(1, '2019-01-05', 5, '10:00:00.000', 30, 1, 1, 1);
INSERT INTO Servicio VALUES(2, '2019-01-07', 5, '08:00:00.000', 30, 1, 1, 2);
INSERT INTO Servicio VALUES(3, '2019-01-08', 8, '10:30:00.000', 45, 2, 2, 3);
INSERT INTO Servicio VALUES(4, '2019-01-09', 7, '08:30:00.000', 35, 3, 2, 4);
INSERT INTO Servicio VALUES(5, '2019-01-10', 7, '10:30:00.000', 30, 4, 3, 5);
INSERT INTO Servicio VALUES(6, '2019-01-14', 6, '09:30:00.000', 40, 5, 3, 6);
INSERT INTO Servicio VALUES(7, '2019-01-15', 6, '10:30:00.000', 30, 5, 4, 7);
INSERT INTO Servicio VALUES(8, '2019-01-16', 5, '09:30:00.000', 30, 6, 4, 8);
INSERT INTO Servicio VALUES(9, '2019-01-18', 5, '10:30:00.000', 25, 7, 5, 9);
INSERT INTO Servicio VALUES(10, '2019-01-25', 6, '09:30:00.000', 15, 8, 5, 10);
INSERT INTO Servicio VALUES(11, '2019-02-03', 5, '09:30:00.000', 35, 9, 6, 1);
INSERT INTO Servicio VALUES(12, '2019-02-14', 7, '10:30:00.000', 35, 10, 6, 3);
INSERT INTO Servicio VALUES(13, '2019-02-15', 5, '09:30:00.000', 25, 10, 7, 7);
INSERT INTO Servicio VALUES(14, '2019-02-20', 5, '08:30:00.000', 35, 11, 7, 9);
INSERT INTO Servicio VALUES(15, '2019-02-22', 8, '10:30:00.000', 15, 12, 8, 2);
INSERT INTO Servicio VALUES(16, '2019-02-26', 5, '08:30:00.000', 25, 13, 8, 9);
INSERT INTO Servicio VALUES(17, '2019-02-28', 7, '09:30:00.000', 40, 14, 9, 6);
INSERT INTO Servicio VALUES(18, '2019-03-02', 5, '10:30:00.000', 25, 15, 9, 4);
INSERT INTO Servicio VALUES(19, '2019-03-03', 7, '09:30:00.000', 35, 16, 10, 8);
INSERT INTO Servicio VALUES(20, '2019-03-10', 5, '08:30:00.000', 25, 17, 11, 9);
INSERT INTO Servicio VALUES(21, '2019-03-14', 5, '10:30:00.000', 25, 18, 12, 3);
INSERT INTO Servicio VALUES(22, '2019-03-15', 7, '09:30:00.000', 35, 19, 13, 4);
INSERT INTO Servicio VALUES(23, '2019-03-20', 5, '10:30:00.000', 25, 20, 20, 3);
INSERT INTO Servicio VALUES(24, '2019-03-21', 5, '09:30:00.000', 25, 21, 21, 3);
INSERT INTO Servicio VALUES(25, '2019-03-22', 7, '10:30:00.000', 35, 21, 19, 3);
INSERT INTO Servicio VALUES(26, '2019-03-23', 5, '08:30:00.000', 25, 22, 18, 3);
INSERT INTO Servicio VALUES(27, '2019-03-25', 7, '10:30:00.000', 35, 23, 17, 3);
INSERT INTO Servicio VALUES(28, '2019-03-26', 5, '10:30:00.000', 25, 24, 16, 3);
INSERT INTO Servicio VALUES(29, '2019-03-27', 5, '09:30:00.000', 25, 25, 15, 3);
INSERT INTO Servicio VALUES(30, '2019-03-28', 7, '09:30:00.000', 35, 26, 10, 3);
INSERT INTO Servicio VALUES(31, '2019-03-30', 5, '10:30:00.000', 25, 27, 21, 3);
INSERT INTO Servicio VALUES(32, '2019-03-31', 7, '08:30:00.000', 35, 28, 18, 9);
INSERT INTO Servicio VALUES(33, '2019-04-01', 5, '09:30:00.000', 25, 29, 15, 3);
INSERT INTO Servicio VALUES(34, '2019-04-02', 7, '08:00:00.000', 40, 30, 12, 3);
INSERT INTO Servicio VALUES(35, '2019-04-03', 5, '09:30:00.000', 25, 31, 10, 3);
INSERT INTO Servicio VALUES(36, '2019-04-04', 5, '08:00:00.000', 25, 32, 11, 3);
INSERT INTO Servicio VALUES(37, '2019-04-05', 7, '09:30:00.000', 35, 33, 3, 9);
INSERT INTO Servicio VALUES(38, '2019-04-06', 5, '10:00:00.000', 25, 34, 2, 3);
INSERT INTO Servicio VALUES(39, '2019-04-07', 5, '10:30:00.000', 25, 35, 16, 4);
INSERT INTO Servicio VALUES(40, '2019-04-08', 7, '08:00:00.000', 35, 36, 4, 3);
INSERT INTO Servicio VALUES(41, '2019-04-09', 5, '09:30:00.000', 25, 37, 5, 9);
INSERT INTO Servicio VALUES(42, '2019-04-10', 5, '10:00:00.000', 25, 38, 6, 3);
INSERT INTO Servicio VALUES(43, '2019-04-11', 7, '09:00:00.000', 35, 39, 7, 3);
INSERT INTO Servicio VALUES(44, '2019-04-12', 5, '08:30:00.000', 25, 40, 10, 4);
INSERT INTO Servicio VALUES(45, '2019-04-13', 5, '09:00:00.000', 25, 41, 19, 3);
INSERT INTO Servicio VALUES(46, '2019-04-14', 7, '09:00:00.000', 35, 42, 18, 3);
INSERT INTO Servicio VALUES(47, '2019-04-15', 5, '08:30:00.000', 25, 43, 17, 3);
INSERT INTO Servicio VALUES(48, '2019-04-16', 7, '10:00:00.000', 35, 44, 15, 3);
INSERT INTO Servicio VALUES(49, '2019-04-17', 5, '09:30:00.000', 25, 44, 14, 3);
INSERT INTO Servicio VALUES(50, '2019-04-18', 5, '09:30:00.000', 25, 45, 23, 3);
INSERT INTO Servicio VALUES(51, '2019-04-19', 7, '08:00:00.000', 35, 46, 25, 3);
INSERT INTO Servicio VALUES(52, '2019-04-20', 5, '09:30:00.000', 25, 47, 27, 9);
INSERT INTO Servicio VALUES(53, '2019-04-21', 5, '08:00:00.000', 25, 48, 28, 3);
INSERT INTO Servicio VALUES(54, '2019-04-21', 7, '09:30:00.000', 35, 49, 21, 3);
INSERT INTO Servicio VALUES(55, '2019-04-22', 5, '10:30:00.000', 25, 50, 24, 3);
INSERT INTO Servicio VALUES(56, '2019-04-22', 7, '08:00:00.000', 35, 51, 25, 3);
INSERT INTO Servicio VALUES(57, '2019-04-23', 4, '10:00:00.000', 20, 52, 28, 3);
INSERT INTO Servicio VALUES(58, '2019-04-23', 5, '08:30:00.000', 25, 53, 24, 9);
INSERT INTO Servicio VALUES(59, '2019-04-24', 6, '08:00:00.000', 30, 53, 23, 3);
INSERT INTO Servicio VALUES(60, '2019-04-25', 5, '09:30:00.000', 25, 54, 22, 9);
INSERT INTO Servicio VALUES(61, '2019-04-25', 5, '09:00:00.000', 25, 55, 20, 3);
INSERT INTO Servicio VALUES(62, '2019-04-25', 6, '08:00:00.000', 30, 56, 17, 3);
INSERT INTO Servicio VALUES(63, '2019-04-26', 8, '09:30:00.000', 45, 57, 10, 4);
INSERT INTO Servicio VALUES(64, '2019-04-27', 7, '08:30:00.000', 35, 58, 2, 3);
INSERT INTO Servicio VALUES(65, '2019-04-28', 8, '10:30:00.000', 50, 59, 15, 3);
INSERT INTO Servicio VALUES(66, '2019-04-29', 7, '09:30:00.000', 35, 60, 10, 3);
INSERT INTO Servicio VALUES(67, '2019-04-30', 6, '08:30:00.000', 30, 61, 18, 4);
INSERT INTO Servicio VALUES(68, '2019-05-01', 6, '10:30:00.000', 30, 61, 16, 3);
INSERT INTO Servicio VALUES(69, '2019-05-02', 6, '09:30:00.000', 30, 61, 14, 3);
INSERT INTO Servicio VALUES(70, '2019-05-04', 6, '08:30:00.000', 30, 62, 31, 3);
INSERT INTO Servicio VALUES(71, '2019-05-05', 5, '09:30:00.000', 25, 63, 16, 3);
INSERT INTO Servicio VALUES(72, '2019-05-06', 4, '08:30:00.000', 20, 64, 14, 9);
INSERT INTO Servicio VALUES(73, '2019-05-07', 5, '09:30:00.000', 25, 65, 12, 3);
INSERT INTO Servicio VALUES(74, '2019-05-08', 5, '08:30:00.000', 25, 65, 11, 4);
INSERT INTO Servicio VALUES(75, '2019-05-09', 4, '10:30:00.000', 20, 66, 25, 9);
INSERT INTO Servicio VALUES(76, '2019-05-10', 4, '08:30:00.000', 20, 67, 24, 3);
INSERT INTO Servicio VALUES(77, '2019-05-11', 7, '09:30:00.000', 35, 68, 29, 3);
INSERT INTO Servicio VALUES(78, '2019-05-12', 7, '10:30:00.000', 35, 69, 28, 3);
INSERT INTO Servicio VALUES(79, '2019-05-13', 6, '09:30:00.000', 30, 70, 27, 3);
INSERT INTO Servicio VALUES(80, '2019-05-14', 6, '10:30:00.000', 30, 71, 25, 3);
INSERT INTO Servicio VALUES(81, '2019-05-15', 7, '08:30:00.000', 35, 72, 21, 3);
INSERT INTO Servicio VALUES(82, '2019-05-16', 6, '09:30:00.000', 30, 73, 10, 3);
INSERT INTO Servicio VALUES(83, '2019-05-17', 6, '09:30:00.000', 30, 74, 12, 3);
INSERT INTO Servicio VALUES(84, '2019-05-18', 5, '10:30:00.000', 30, 75, 25, 3);
INSERT INTO Servicio VALUES(85, '2019-05-19', 6, '09:30:00.000', 30, 75, 26, 3);
INSERT INTO Servicio VALUES(86, '2019-05-20', 7, '09:30:00.000', 35, 75, 27, 4);
INSERT INTO Servicio VALUES(87, '2019-05-21', 7, '10:30:00.000', 35, 76, 26, 3);
INSERT INTO Servicio VALUES(88, '2019-05-21', 8, '09:30:00.000', 45, 77, 28, 3);
INSERT INTO Servicio VALUES(89, '2019-05-22', 8, '08:30:00.000', 45, 78, 25, 3);
INSERT INTO Servicio VALUES(90, '2019-05-23', 7, '08:30:00.000', 35, 79, 10, 3);
INSERT INTO Servicio VALUES(91, '2019-05-24', 6, '09:30:00.000', 30, 80, 21, 4);
INSERT INTO Servicio VALUES(92, '2019-05-24', 6, '09:30:00.000', 30, 81, 13, 9);
INSERT INTO Servicio VALUES(93, '2019-05-25', 7, '08:30:00.000', 35, 82, 1, 3);
INSERT INTO Servicio VALUES(94, '2019-05-26', 6, '09:30:00.000', 30, 83, 10, 9);
INSERT INTO Servicio VALUES(95, '2019-05-27', 6, '08:30:00.000', 30, 84, 11, 4);
INSERT INTO Servicio VALUES(96, '2019-05-28', 7, '09:30:00.000', 35, 85, 12, 4);
INSERT INTO Servicio VALUES(97, '2019-05-29', 6, '10:30:00.000', 30, 85, 13, 4);
INSERT INTO Servicio VALUES(98, '2019-05-30', 6, '09:30:00.000', 30, 86, 14, 9);
INSERT INTO Servicio VALUES(99, '2019-05-31', 5, '09:30:00.000', 25, 86, 15, 9);
INSERT INTO Servicio VALUES(100, '2019-06-01', 4, '09:30:00.000', 20, 87, 19, 3);
INSERT INTO Servicio VALUES(101, '2019-06-02', 5, '10:30:00.000', 25, 88, 10, 3);
INSERT INTO Servicio VALUES(102, '2019-06-03', 4, '09:30:00.000', 20, 89, 32, 3);
INSERT INTO Servicio VALUES(103, '2019-06-04', 5, '08:30:00.000', 25, 90, 31, 3);
INSERT INTO Servicio VALUES(104, '2019-06-05', 6, '09:30:00.000', 30, 90, 30, 3);
INSERT INTO Servicio VALUES(105, '2019-06-06', 5, '08:30:00.000', 25, 91, 29, 3);
INSERT INTO Servicio VALUES(106, '2019-06-07', 6, '09:30:00.000', 30, 91, 25, 3);
INSERT INTO Servicio VALUES(107, '2019-06-08', 6, '08:30:00.000', 30, 91, 26, 3);
INSERT INTO Servicio VALUES(108, '2019-06-08', 6, '10:30:00.000', 30, 92, 27, 3);
INSERT INTO Servicio VALUES(109, '2019-06-09', 7, '08:30:00.000', 35, 93, 28, 3);
INSERT INTO Servicio VALUES(110, '2019-06-10', 7, '09:30:00.000', 35, 93, 22, 3);
INSERT INTO Servicio VALUES(111, '2019-06-10', 6, '09:30:00.000', 30, 94, 23, 3);
INSERT INTO Servicio VALUES(112, '2019-06-11', 8, '10:30:00.000', 45, 95, 24, 3);
INSERT INTO Servicio VALUES(113, '2019-06-12', 7, '09:30:00.000', 35, 96, 1, 3);
INSERT INTO Servicio VALUES(114, '2019-06-13', 7, '10:30:00.000', 35, 96, 20, 3);
INSERT INTO Servicio VALUES(115, '2019-06-14', 6, '09:30:00.000', 30, 96, 12, 3);
INSERT INTO Servicio VALUES(116, '2019-06-14', 7, '08:30:00.000', 35, 97, 13, 3);
INSERT INTO Servicio VALUES(117, '2019-06-15', 5, '09:30:00.000', 25, 97, 11, 3);
INSERT INTO Servicio VALUES(118, '2019-06-15', 7, '10:30:00.000', 35, 98, 10, 3);
INSERT INTO Servicio VALUES(119, '2019-06-16', 7, '10:30:00.000', 35, 99, 2, 3);
INSERT INTO Servicio VALUES(120, '2019-06-17', 8, '08:30:00.000', 45, 100, 1, 3);

/* Ejemplos de calificaciones */
/* Calificacion_de_servicio(ID_calificacion, nivel_de_calificacion, comentario, ID_servicio) */
INSERT INTO Calificacion_de_servicio(ID_calificacion, nivel_de_calificacion, ID_servicio) VALUES(1, 5, 1);
INSERT INTO Calificacion_de_servicio(ID_calificacion, nivel_de_calificacion, ID_servicio) VALUES(2, 4, 2);
INSERT INTO Calificacion_de_servicio(ID_calificacion, nivel_de_calificacion, ID_servicio) VALUES(3, 5, 3);
INSERT INTO Calificacion_de_servicio(ID_calificacion, nivel_de_calificacion, ID_servicio) VALUES(4, 4, 4);
INSERT INTO Calificacion_de_servicio(ID_calificacion, nivel_de_calificacion, ID_servicio) VALUES(5, 4, 5);
INSERT INTO Calificacion_de_servicio(ID_calificacion, nivel_de_calificacion, ID_servicio) VALUES(6, 4, 6);
INSERT INTO Calificacion_de_servicio(ID_calificacion, nivel_de_calificacion, ID_servicio) VALUES(7, 5, 7);
INSERT INTO Calificacion_de_servicio(ID_calificacion, nivel_de_calificacion, comentario, ID_servicio) VALUES(8, 1, 'Llegó 30 minutos tarde', 8);
INSERT INTO Calificacion_de_servicio(ID_calificacion, nivel_de_calificacion, ID_servicio) VALUES(9, 5, 9);
INSERT INTO Calificacion_de_servicio(ID_calificacion, nivel_de_calificacion, ID_servicio) VALUES(10, 4, 10);
INSERT INTO Calificacion_de_servicio(ID_calificacion, nivel_de_calificacion, ID_servicio) VALUES(11, 5, 11);
INSERT INTO Calificacion_de_servicio(ID_calificacion, nivel_de_calificacion, comentario, ID_servicio) VALUES(12, 3, 'No terminó de planchar.', 12);
INSERT INTO Calificacion_de_servicio(ID_calificacion, nivel_de_calificacion, ID_servicio) VALUES(13, 5, 13);
INSERT INTO Calificacion_de_servicio(ID_calificacion, nivel_de_calificacion, ID_servicio) VALUES(14, 4, 14);
INSERT INTO Calificacion_de_servicio(ID_calificacion, nivel_de_calificacion, ID_servicio) VALUES(15, 4, 15);
INSERT INTO Calificacion_de_servicio(ID_calificacion, nivel_de_calificacion, ID_servicio) VALUES(16, 5, 16);
INSERT INTO Calificacion_de_servicio(ID_calificacion, nivel_de_calificacion, ID_servicio) VALUES(17, 4, 17);
INSERT INTO Calificacion_de_servicio(ID_calificacion, nivel_de_calificacion, ID_servicio) VALUES(18, 4, 20);
INSERT INTO Calificacion_de_servicio(ID_calificacion, nivel_de_calificacion, ID_servicio) VALUES(19, 4, 21);
INSERT INTO Calificacion_de_servicio(ID_calificacion, nivel_de_calificacion, ID_servicio) VALUES(20, 5, 22);
INSERT INTO Calificacion_de_servicio(ID_calificacion, nivel_de_calificacion, comentario, ID_servicio) VALUES(21, 2, 'Hizo un buen trabajo pero llegó 20 minutos tarde', 24);
INSERT INTO Calificacion_de_servicio(ID_calificacion, nivel_de_calificacion, ID_servicio) VALUES(22, 3, 25);
INSERT INTO Calificacion_de_servicio(ID_calificacion, nivel_de_calificacion, ID_servicio) VALUES(23, 4, 27);
INSERT INTO Calificacion_de_servicio(ID_calificacion, nivel_de_calificacion, ID_servicio) VALUES(24, 4, 28);
INSERT INTO Calificacion_de_servicio(ID_calificacion, nivel_de_calificacion, ID_servicio) VALUES(25, 5, 29);
INSERT INTO Calificacion_de_servicio(ID_calificacion, nivel_de_calificacion, ID_servicio) VALUES(26, 4, 30);
INSERT INTO Calificacion_de_servicio(ID_calificacion, nivel_de_calificacion, ID_servicio) VALUES(27, 5, 31);
INSERT INTO Calificacion_de_servicio(ID_calificacion, nivel_de_calificacion, comentario, ID_servicio) VALUES(28, 2, 'Llegó media hora tarde.', 32);
INSERT INTO Calificacion_de_servicio(ID_calificacion, nivel_de_calificacion, ID_servicio) VALUES(29, 4, 33);
INSERT INTO Calificacion_de_servicio(ID_calificacion, nivel_de_calificacion, ID_servicio) VALUES(31, 4, 35);
INSERT INTO Calificacion_de_servicio(ID_calificacion, nivel_de_calificacion, ID_servicio) VALUES(32, 5, 36);
INSERT INTO Calificacion_de_servicio(ID_calificacion, nivel_de_calificacion, ID_servicio) VALUES(33, 5, 37);
INSERT INTO Calificacion_de_servicio(ID_calificacion, nivel_de_calificacion, ID_servicio) VALUES(34, 5, 38);
INSERT INTO Calificacion_de_servicio(ID_calificacion, nivel_de_calificacion, ID_servicio) VALUES(35, 4, 39);
INSERT INTO Calificacion_de_servicio(ID_calificacion, nivel_de_calificacion, ID_servicio) VALUES(36, 5, 41);
INSERT INTO Calificacion_de_servicio(ID_calificacion, nivel_de_calificacion, ID_servicio) VALUES(37, 4, 42);
INSERT INTO Calificacion_de_servicio(ID_calificacion, nivel_de_calificacion, ID_servicio) VALUES(38, 5, 43);
INSERT INTO Calificacion_de_servicio(ID_calificacion, nivel_de_calificacion, ID_servicio) VALUES(39, 5, 44);
INSERT INTO Calificacion_de_servicio(ID_calificacion, nivel_de_calificacion, ID_servicio) VALUES(40, 4, 45);
INSERT INTO Calificacion_de_servicio(ID_calificacion, nivel_de_calificacion, ID_servicio) VALUES(41, 4, 46);
INSERT INTO Calificacion_de_servicio(ID_calificacion, nivel_de_calificacion, ID_servicio) VALUES(42, 4, 47);
INSERT INTO Calificacion_de_servicio(ID_calificacion, nivel_de_calificacion, ID_servicio) VALUES(43, 3, 49);
INSERT INTO Calificacion_de_servicio(ID_calificacion, nivel_de_calificacion, ID_servicio) VALUES(44, 4, 50);
INSERT INTO Calificacion_de_servicio(ID_calificacion, nivel_de_calificacion, comentario, ID_servicio) VALUES(45, 1, 'Hizo un mal trabajo.', 51);
INSERT INTO Calificacion_de_servicio(ID_calificacion, nivel_de_calificacion, ID_servicio) VALUES(46, 4, 52);
INSERT INTO Calificacion_de_servicio(ID_calificacion, nivel_de_calificacion, ID_servicio) VALUES(47, 4, 54);
INSERT INTO Calificacion_de_servicio(ID_calificacion, nivel_de_calificacion, ID_servicio) VALUES(48, 4, 55);
INSERT INTO Calificacion_de_servicio(ID_calificacion, nivel_de_calificacion, ID_servicio) VALUES(49, 5, 56);
INSERT INTO Calificacion_de_servicio(ID_calificacion, nivel_de_calificacion, ID_servicio) VALUES(50, 4, 58);
INSERT INTO Calificacion_de_servicio(ID_calificacion, nivel_de_calificacion, ID_servicio) VALUES(51, 5, 60);
INSERT INTO Calificacion_de_servicio(ID_calificacion, nivel_de_calificacion, ID_servicio) VALUES(52, 5, 61);
INSERT INTO Calificacion_de_servicio(ID_calificacion, nivel_de_calificacion, ID_servicio) VALUES(53, 3, 62);
INSERT INTO Calificacion_de_servicio(ID_calificacion, nivel_de_calificacion, ID_servicio) VALUES(54, 4, 63);
INSERT INTO Calificacion_de_servicio(ID_calificacion, nivel_de_calificacion, ID_servicio) VALUES(55, 5, 64);
INSERT INTO Calificacion_de_servicio(ID_calificacion, nivel_de_calificacion, ID_servicio) VALUES(56, 4, 66);
INSERT INTO Calificacion_de_servicio(ID_calificacion, nivel_de_calificacion, ID_servicio) VALUES(57, 4, 67);
INSERT INTO Calificacion_de_servicio(ID_calificacion, nivel_de_calificacion, ID_servicio) VALUES(58, 5, 69);
INSERT INTO Calificacion_de_servicio(ID_calificacion, nivel_de_calificacion, ID_servicio) VALUES(59, 5, 70);
INSERT INTO Calificacion_de_servicio(ID_calificacion, nivel_de_calificacion, ID_servicio) VALUES(60, 5, 71);
INSERT INTO Calificacion_de_servicio(ID_calificacion, nivel_de_calificacion, ID_servicio) VALUES(61, 3, 72);
INSERT INTO Calificacion_de_servicio(ID_calificacion, nivel_de_calificacion, ID_servicio) VALUES(62, 4, 74);
INSERT INTO Calificacion_de_servicio(ID_calificacion, nivel_de_calificacion, comentario, ID_servicio) VALUES(63, 2, 'Llegó 20 minutos tarde.', 76);
INSERT INTO Calificacion_de_servicio(ID_calificacion, nivel_de_calificacion, ID_servicio) VALUES(64, 4, 77);
INSERT INTO Calificacion_de_servicio(ID_calificacion, nivel_de_calificacion, ID_servicio) VALUES(65, 3, 78);
INSERT INTO Calificacion_de_servicio(ID_calificacion, nivel_de_calificacion, ID_servicio) VALUES(66, 4, 79);
INSERT INTO Calificacion_de_servicio(ID_calificacion, nivel_de_calificacion, ID_servicio) VALUES(67, 4, 81);
INSERT INTO Calificacion_de_servicio(ID_calificacion, nivel_de_calificacion, ID_servicio) VALUES(68, 5, 82);
INSERT INTO Calificacion_de_servicio(ID_calificacion, nivel_de_calificacion, ID_servicio) VALUES(69, 4, 83);
INSERT INTO Calificacion_de_servicio(ID_calificacion, nivel_de_calificacion, ID_servicio) VALUES(70, 4, 85);
INSERT INTO Calificacion_de_servicio(ID_calificacion, nivel_de_calificacion, ID_servicio) VALUES(71, 5, 86);
INSERT INTO Calificacion_de_servicio(ID_calificacion, nivel_de_calificacion, ID_servicio) VALUES(72, 5, 87);
INSERT INTO Calificacion_de_servicio(ID_calificacion, nivel_de_calificacion, ID_servicio) VALUES(73, 4, 90);
INSERT INTO Calificacion_de_servicio(ID_calificacion, nivel_de_calificacion, ID_servicio) VALUES(74, 3, 91);
INSERT INTO Calificacion_de_servicio(ID_calificacion, nivel_de_calificacion, ID_servicio) VALUES(75, 4, 93);
INSERT INTO Calificacion_de_servicio(ID_calificacion, nivel_de_calificacion, ID_servicio) VALUES(76, 4, 94);
INSERT INTO Calificacion_de_servicio(ID_calificacion, nivel_de_calificacion, ID_servicio) VALUES(77, 4, 96);
INSERT INTO Calificacion_de_servicio(ID_calificacion, nivel_de_calificacion, ID_servicio) VALUES(78, 5, 98);
INSERT INTO Calificacion_de_servicio(ID_calificacion, nivel_de_calificacion, ID_servicio) VALUES(79, 4, 100);
INSERT INTO Calificacion_de_servicio(ID_calificacion, nivel_de_calificacion, comentario, ID_servicio) VALUES(80, 2, 'Hizo una limpieza superficial pero se le pidió una limpieza profunda', 101);
INSERT INTO Calificacion_de_servicio(ID_calificacion, nivel_de_calificacion, ID_servicio) VALUES(81, 4, 104);
INSERT INTO Calificacion_de_servicio(ID_calificacion, nivel_de_calificacion, ID_servicio) VALUES(82, 5, 105);
INSERT INTO Calificacion_de_servicio(ID_calificacion, nivel_de_calificacion, ID_servicio) VALUES(83, 5, 106);
INSERT INTO Calificacion_de_servicio(ID_calificacion, nivel_de_calificacion, ID_servicio) VALUES(84, 4, 107);
INSERT INTO Calificacion_de_servicio(ID_calificacion, nivel_de_calificacion, ID_servicio) VALUES(85, 4, 108);
INSERT INTO Calificacion_de_servicio(ID_calificacion, nivel_de_calificacion, ID_servicio) VALUES(86, 4, 109);
INSERT INTO Calificacion_de_servicio(ID_calificacion, nivel_de_calificacion, ID_servicio) VALUES(87, 5, 111);
INSERT INTO Calificacion_de_servicio(ID_calificacion, nivel_de_calificacion, ID_servicio) VALUES(88, 4, 112);
INSERT INTO Calificacion_de_servicio(ID_calificacion, nivel_de_calificacion, ID_servicio) VALUES(89, 4, 113);
INSERT INTO Calificacion_de_servicio(ID_calificacion, nivel_de_calificacion, ID_servicio) VALUES(90, 5, 114);
INSERT INTO Calificacion_de_servicio(ID_calificacion, nivel_de_calificacion, ID_servicio) VALUES(91, 5, 115);
INSERT INTO Calificacion_de_servicio(ID_calificacion, nivel_de_calificacion, ID_servicio) VALUES(92, 4, 116);
INSERT INTO Calificacion_de_servicio(ID_calificacion, nivel_de_calificacion, ID_servicio) VALUES(93, 5, 117);
INSERT INTO Calificacion_de_servicio(ID_calificacion, nivel_de_calificacion, ID_servicio) VALUES(94, 5, 118);
INSERT INTO Calificacion_de_servicio(ID_calificacion, nivel_de_calificacion, ID_servicio) VALUES(95, 5, 119);
INSERT INTO Calificacion_de_servicio(ID_calificacion, nivel_de_calificacion, ID_servicio) VALUES(96, 4, 120);

/* Ejemplos de compras */
/* Compra(ID_compra, fecha_de_compra, ID_proveedor) */
INSERT INTO Compra VALUES (1, '2019-01-01', 1);
INSERT INTO Compra VALUES (2, '2019-01-01', 2);
INSERT INTO Compra VALUES (3, '2019-01-01', 3);
INSERT INTO Compra VALUES (4, '2019-02-14', 2);
INSERT INTO Compra VALUES (5, '2019-03-02', 1);
INSERT INTO Compra VALUES (6, '2019-03-17', 3);
INSERT INTO Compra VALUES (7, '2019-04-03', 1);
INSERT INTO Compra VALUES (8, '2019-04-20', 2);
INSERT INTO Compra VALUES (9, '2019-05-10', 1);
INSERT INTO Compra VALUES (10, '2019-06-05', 2);
INSERT INTO Compra VALUES (11, '2019-01-01', 1);
INSERT INTO Compra VALUES (12, '2019-01-02', 2);
INSERT INTO Compra VALUES (13, '2019-02-01', 1);
INSERT INTO Compra VALUES (14, '2019-02-14', 3);
INSERT INTO Compra VALUES (15, '2019-03-02', 1);
INSERT INTO Compra VALUES (16, '2019-03-17', 2);
INSERT INTO Compra VALUES (17, '2019-04-03', 1);
INSERT INTO Compra VALUES (18, '2019-04-20', 2);
INSERT INTO Compra VALUES (19, '2019-05-10', 3);
INSERT INTO Compra VALUES (20, '2019-06-05', 2);
INSERT INTO Compra VALUES (21, '2019-01-01', 1);
INSERT INTO Compra VALUES (22, '2019-01-02', 2);
INSERT INTO Compra VALUES (23, '2019-02-01', 1);
INSERT INTO Compra VALUES (24, '2019-02-14', 2);
INSERT INTO Compra VALUES (25, '2019-03-02', 3);

/* Ejemplos de productos por compra */
/* Producto_por_compra(ID_producto_por_compra, cantidad, precio_de_venta, ID_producto, ID_compra) */
INSERT INTO Producto_por_compra VALUES (1, 20, 200, 1, 1);
INSERT INTO Producto_por_compra VALUES (2, 15, 150, 2, 1);
INSERT INTO Producto_por_compra VALUES (3, 10, 100, 3, 1);
INSERT INTO Producto_por_compra VALUES (4, 10, 200, 4, 1);
INSERT INTO Producto_por_compra VALUES (5, 10, 100, 5, 1);
INSERT INTO Producto_por_compra VALUES (6, 20, 224, 6, 1);
INSERT INTO Producto_por_compra VALUES (7, 10, 100, 7, 1);
INSERT INTO Producto_por_compra VALUES (8, 10, 100, 8, 1);
INSERT INTO Producto_por_compra VALUES (9, 20, 230, 9, 1);
INSERT INTO Producto_por_compra VALUES (10, 15, 150, 10, 1);
INSERT INTO Producto_por_compra VALUES (11, 15, 151, 11, 1);
INSERT INTO Producto_por_compra VALUES (12, 20, 202, 12, 1);
INSERT INTO Producto_por_compra VALUES (13, 10, 103, 13, 1);
INSERT INTO Producto_por_compra VALUES (14, 10, 104, 14, 1);
INSERT INTO Producto_por_compra VALUES (15, 25, 255, 15, 1);
INSERT INTO Producto_por_compra VALUES (16, 25, 256, 16, 1);
INSERT INTO Producto_por_compra VALUES (17, 15, 157, 17, 1);
INSERT INTO Producto_por_compra VALUES (18, 15, 158, 18, 1);
INSERT INTO Producto_por_compra VALUES (19, 25, 259, 19, 1);
INSERT INTO Producto_por_compra VALUES (20, 10, 100, 20, 1);
INSERT INTO Producto_por_compra VALUES (21, 25, 251, 21, 2);
INSERT INTO Producto_por_compra VALUES (22, 20, 202, 22, 2);
INSERT INTO Producto_por_compra VALUES (23, 15, 153, 23, 2);
INSERT INTO Producto_por_compra VALUES (24, 25, 254, 24, 2);
INSERT INTO Producto_por_compra VALUES (25, 10, 105, 25, 2);
INSERT INTO Producto_por_compra VALUES (26, 25, 256, 26, 2);
INSERT INTO Producto_por_compra VALUES (27, 25, 257, 27, 2);
INSERT INTO Producto_por_compra VALUES (28, 20, 208, 28, 2);
INSERT INTO Producto_por_compra VALUES (29, 15, 159, 29, 2);
INSERT INTO Producto_por_compra VALUES (30, 20, 200, 30, 2);
INSERT INTO Producto_por_compra VALUES (31, 15, 151, 31, 2);
INSERT INTO Producto_por_compra VALUES (32, 25, 252, 32, 2);
INSERT INTO Producto_por_compra VALUES (33, 30, 303, 33, 2);
INSERT INTO Producto_por_compra VALUES (34, 15, 145, 34, 2);
INSERT INTO Producto_por_compra VALUES (35, 10, 150, 35, 2);
INSERT INTO Producto_por_compra VALUES (36, 15, 165, 36, 2);
INSERT INTO Producto_por_compra VALUES (37, 20, 270, 37, 2);
INSERT INTO Producto_por_compra VALUES (38, 20, 280, 38, 2);
INSERT INTO Producto_por_compra VALUES (39, 15, 195, 39, 2);
INSERT INTO Producto_por_compra VALUES (40, 15, 105, 40, 2);
INSERT INTO Producto_por_compra VALUES (41, 20, 210, 41, 3);
INSERT INTO Producto_por_compra VALUES (42, 20, 220, 42, 3);
INSERT INTO Producto_por_compra VALUES (43, 20, 230, 43, 3);
INSERT INTO Producto_por_compra VALUES (44, 15, 145, 44, 3);
INSERT INTO Producto_por_compra VALUES (45, 15, 155, 45, 3);
INSERT INTO Producto_por_compra VALUES (46, 10, 160, 46, 3);
INSERT INTO Producto_por_compra VALUES (47, 20, 270, 47, 3);
INSERT INTO Producto_por_compra VALUES (48, 10, 180, 48, 3);
INSERT INTO Producto_por_compra VALUES (49, 25, 295, 49, 3);
INSERT INTO Producto_por_compra VALUES (50, 20, 200, 50, 3);
INSERT INTO Producto_por_compra VALUES (51, 5, 50, 4, 4);
INSERT INTO Producto_por_compra VALUES (52, 10, 150, 14, 4);
INSERT INTO Producto_por_compra VALUES (53, 5, 45, 5, 5);
INSERT INTO Producto_por_compra VALUES (54, 10, 160, 15, 5);
INSERT INTO Producto_por_compra VALUES (55, 10, 150, 6, 6);
INSERT INTO Producto_por_compra VALUES (56, 5, 35, 16, 6);
INSERT INTO Producto_por_compra VALUES (57, 5, 45, 1, 6);
INSERT INTO Producto_por_compra VALUES (58, 10, 140, 7, 7);
INSERT INTO Producto_por_compra VALUES (59, 10, 140, 17, 7);
INSERT INTO Producto_por_compra VALUES (60, 10, 150, 8, 8);
INSERT INTO Producto_por_compra VALUES (61, 5, 55, 18, 8);
INSERT INTO Producto_por_compra VALUES (62, 10, 140, 9, 9);
INSERT INTO Producto_por_compra VALUES (63, 5, 65, 2, 9);
INSERT INTO Producto_por_compra VALUES (64, 5, 55, 3, 9);
INSERT INTO Producto_por_compra VALUES (65, 5, 65, 4, 10);
INSERT INTO Producto_por_compra VALUES (66, 5, 45, 5, 10);
INSERT INTO Producto_por_compra VALUES (67, 10, 130, 6, 11);
INSERT INTO Producto_por_compra VALUES (68, 5, 35, 7, 11);
INSERT INTO Producto_por_compra VALUES (69, 10, 120, 8, 12);
INSERT INTO Producto_por_compra VALUES (70, 5, 45, 9, 12);
INSERT INTO Producto_por_compra VALUES (71, 10, 120, 10, 13);
INSERT INTO Producto_por_compra VALUES (72, 5, 55, 11, 13);
INSERT INTO Producto_por_compra VALUES (73, 10, 120, 12, 13);
INSERT INTO Producto_por_compra VALUES (74, 10, 110, 13, 14);
INSERT INTO Producto_por_compra VALUES (75, 5, 65, 14, 14);
INSERT INTO Producto_por_compra VALUES (76, 10, 120, 15, 15);
INSERT INTO Producto_por_compra VALUES (77, 5, 55, 16, 15);
INSERT INTO Producto_por_compra VALUES (78, 10, 130, 17, 16);
INSERT INTO Producto_por_compra VALUES (79, 5, 55, 18, 16);
INSERT INTO Producto_por_compra VALUES (80, 5, 45, 19, 16);
INSERT INTO Producto_por_compra VALUES (81, 10, 140, 20, 17);
INSERT INTO Producto_por_compra VALUES (82, 5, 35, 21, 17);
INSERT INTO Producto_por_compra VALUES (83, 10, 140, 22, 18);
INSERT INTO Producto_por_compra VALUES (84, 5, 35, 23, 18);
INSERT INTO Producto_por_compra VALUES (85, 10, 150, 24, 19);
INSERT INTO Producto_por_compra VALUES (86, 5, 45, 25, 19);
INSERT INTO Producto_por_compra VALUES (87, 5, 55, 26, 20);
INSERT INTO Producto_por_compra VALUES (88, 10, 130, 27, 20);
INSERT INTO Producto_por_compra VALUES (89, 10, 140, 28, 21);
INSERT INTO Producto_por_compra VALUES (90, 5, 45, 29, 21);
INSERT INTO Producto_por_compra VALUES (91, 5, 35, 30, 22);
INSERT INTO Producto_por_compra VALUES (92, 5, 35, 31, 22);
INSERT INTO Producto_por_compra VALUES (93, 10, 140, 32, 23);
INSERT INTO Producto_por_compra VALUES (94, 5, 54, 33, 23);
INSERT INTO Producto_por_compra VALUES (95, 10, 110, 34, 23);
INSERT INTO Producto_por_compra VALUES (96, 10, 120, 35, 24);
INSERT INTO Producto_por_compra VALUES (97, 5, 70, 36, 24);
INSERT INTO Producto_por_compra VALUES (98, 5, 90, 37, 24);
INSERT INTO Producto_por_compra VALUES (99, 5, 80, 38, 25);
INSERT INTO Producto_por_compra VALUES (100, 5, 50, 39, 25);

/* Ejemplos de productos por servicio */
/* Producto_por_servicio (ID_producto_por_servicio, cantidad, ID_producto, ID_servicio) */
INSERT INTO Producto_por_servicio VALUES (1, 1, 2, 1);
INSERT INTO Producto_por_servicio VALUES (2, 1, 30, 1);
INSERT INTO Producto_por_servicio VALUES (3, 1, 1, 2);
INSERT INTO Producto_por_servicio VALUES (4, 1, 20, 2);
INSERT INTO Producto_por_servicio VALUES (5, 1, 3, 3);
INSERT INTO Producto_por_servicio VALUES (6, 1, 23, 3);
INSERT INTO Producto_por_servicio VALUES (7, 1, 4, 4);
INSERT INTO Producto_por_servicio VALUES (8, 1, 24, 4);
INSERT INTO Producto_por_servicio VALUES (9, 1, 5, 5);
INSERT INTO Producto_por_servicio VALUES (10, 1, 25, 5);
INSERT INTO Producto_por_servicio VALUES (11, 1, 6, 6);
INSERT INTO Producto_por_servicio VALUES (12, 1, 26, 6);
INSERT INTO Producto_por_servicio VALUES (13, 1, 7, 7);
INSERT INTO Producto_por_servicio VALUES (14, 1, 27, 7);
INSERT INTO Producto_por_servicio VALUES (15, 1, 8, 8);
INSERT INTO Producto_por_servicio VALUES (16, 1, 28, 8);
INSERT INTO Producto_por_servicio VALUES (17, 1, 9, 9);
INSERT INTO Producto_por_servicio VALUES (18, 1, 29, 9);
INSERT INTO Producto_por_servicio VALUES (19, 1, 10, 10);
INSERT INTO Producto_por_servicio VALUES (20, 1, 40, 10);
INSERT INTO Producto_por_servicio VALUES (21, 1, 11, 11);
INSERT INTO Producto_por_servicio VALUES (22, 1, 41, 11);
INSERT INTO Producto_por_servicio VALUES (23, 1, 12, 12);
INSERT INTO Producto_por_servicio VALUES (24, 1, 42, 12);
INSERT INTO Producto_por_servicio VALUES (25, 1, 13, 13);
INSERT INTO Producto_por_servicio VALUES (26, 1, 43, 13);
INSERT INTO Producto_por_servicio VALUES (27, 1, 14, 14);
INSERT INTO Producto_por_servicio VALUES (28, 1, 44, 14);
INSERT INTO Producto_por_servicio VALUES (29, 1, 15, 15);
INSERT INTO Producto_por_servicio VALUES (30, 1, 45, 15);
INSERT INTO Producto_por_servicio VALUES (31, 1, 16, 16);
INSERT INTO Producto_por_servicio VALUES (32, 1, 46, 16);
INSERT INTO Producto_por_servicio VALUES (33, 1, 47, 17);
INSERT INTO Producto_por_servicio VALUES (34, 1, 17, 17);
INSERT INTO Producto_por_servicio VALUES (35, 1, 48, 18);
INSERT INTO Producto_por_servicio VALUES (36, 1, 18, 18);
INSERT INTO Producto_por_servicio VALUES (37, 1, 49, 19);
INSERT INTO Producto_por_servicio VALUES (38, 1, 19, 19);
INSERT INTO Producto_por_servicio VALUES (39, 1, 39, 20);
INSERT INTO Producto_por_servicio VALUES (40, 1, 20, 20);
INSERT INTO Producto_por_servicio VALUES (41, 1, 41, 21);
INSERT INTO Producto_por_servicio VALUES (42, 1, 21, 21);
INSERT INTO Producto_por_servicio VALUES (43, 1, 43, 22);
INSERT INTO Producto_por_servicio VALUES (44, 1, 22, 22);
INSERT INTO Producto_por_servicio VALUES (45, 1, 45, 23);
INSERT INTO Producto_por_servicio VALUES (46, 1, 23, 23);
INSERT INTO Producto_por_servicio VALUES (47, 1, 47, 24);
INSERT INTO Producto_por_servicio VALUES (48, 1, 24, 24);
INSERT INTO Producto_por_servicio VALUES (49, 1, 49, 25);
INSERT INTO Producto_por_servicio VALUES (50, 1, 25, 25);
INSERT INTO Producto_por_servicio VALUES (51, 1, 26, 26);
INSERT INTO Producto_por_servicio VALUES (52, 1, 2, 26);
INSERT INTO Producto_por_servicio VALUES (53, 1, 27, 27);
INSERT INTO Producto_por_servicio VALUES (54, 1, 4, 27);
INSERT INTO Producto_por_servicio VALUES (55, 1, 28, 28);
INSERT INTO Producto_por_servicio VALUES (56, 1, 6, 28);
INSERT INTO Producto_por_servicio VALUES (57, 1, 29, 29);
INSERT INTO Producto_por_servicio VALUES (58, 1, 8, 29);
INSERT INTO Producto_por_servicio VALUES (59, 1, 30, 30);
INSERT INTO Producto_por_servicio VALUES (60, 1, 20, 30);
INSERT INTO Producto_por_servicio VALUES (61, 1, 31, 31);
INSERT INTO Producto_por_servicio VALUES (62, 1, 12, 31);
INSERT INTO Producto_por_servicio VALUES (63, 1, 32, 32);
INSERT INTO Producto_por_servicio VALUES (64, 1, 24, 32);
INSERT INTO Producto_por_servicio VALUES (65, 1, 33, 33);
INSERT INTO Producto_por_servicio VALUES (66, 1, 46, 33);
INSERT INTO Producto_por_servicio VALUES (67, 1, 34, 34);
INSERT INTO Producto_por_servicio VALUES (68, 1, 8, 34);
INSERT INTO Producto_por_servicio VALUES (69, 1, 35, 35);
INSERT INTO Producto_por_servicio VALUES (70, 1, 10, 35);
INSERT INTO Producto_por_servicio VALUES (71, 1, 36, 36);
INSERT INTO Producto_por_servicio VALUES (72, 1, 2, 36);
INSERT INTO Producto_por_servicio VALUES (73, 1, 37, 37);
INSERT INTO Producto_por_servicio VALUES (74, 1, 4, 37);
INSERT INTO Producto_por_servicio VALUES (75, 1, 38, 38);
INSERT INTO Producto_por_servicio VALUES (76, 1, 6, 38);
INSERT INTO Producto_por_servicio VALUES (77, 1, 39, 39);
INSERT INTO Producto_por_servicio VALUES (78, 1, 28, 39);
INSERT INTO Producto_por_servicio VALUES (79, 1, 40, 40);
INSERT INTO Producto_por_servicio VALUES (80, 1, 10, 40);
INSERT INTO Producto_por_servicio VALUES (81, 1, 41, 41);
INSERT INTO Producto_por_servicio VALUES (82, 1, 2, 41);
INSERT INTO Producto_por_servicio VALUES (83, 1, 42, 42);
INSERT INTO Producto_por_servicio VALUES (84, 1, 4, 42);
INSERT INTO Producto_por_servicio VALUES (85, 1, 43, 43);
INSERT INTO Producto_por_servicio VALUES (86, 1, 6, 43);
INSERT INTO Producto_por_servicio VALUES (87, 1, 44, 44);
INSERT INTO Producto_por_servicio VALUES (88, 1, 8, 44);
INSERT INTO Producto_por_servicio VALUES (89, 1, 45, 45);
INSERT INTO Producto_por_servicio VALUES (90, 1, 40, 45);
INSERT INTO Producto_por_servicio VALUES (91, 1, 46, 46);
INSERT INTO Producto_por_servicio VALUES (92, 1, 2, 46);
INSERT INTO Producto_por_servicio VALUES (93, 1, 47, 47);
INSERT INTO Producto_por_servicio VALUES (94, 1, 4, 47);
INSERT INTO Producto_por_servicio VALUES (95, 1, 48, 48);
INSERT INTO Producto_por_servicio VALUES (96, 1, 6, 48);
INSERT INTO Producto_por_servicio VALUES (97, 1, 49, 49);
INSERT INTO Producto_por_servicio VALUES (98, 1, 8, 49);
INSERT INTO Producto_por_servicio VALUES (99, 1, 50, 50);
INSERT INTO Producto_por_servicio VALUES (100, 1, 40, 50);
INSERT INTO Producto_por_servicio VALUES (101, 1, 1, 51);
INSERT INTO Producto_por_servicio VALUES (102, 1, 31, 51);
INSERT INTO Producto_por_servicio VALUES (103, 1, 3, 52);
INSERT INTO Producto_por_servicio VALUES (104, 1, 22, 52);
INSERT INTO Producto_por_servicio VALUES (105, 1, 45, 53);
INSERT INTO Producto_por_servicio VALUES (106, 1, 33, 53);
INSERT INTO Producto_por_servicio VALUES (107, 1, 7, 54);
INSERT INTO Producto_por_servicio VALUES (108, 1, 34, 54);
INSERT INTO Producto_por_servicio VALUES (109, 1, 9, 55);
INSERT INTO Producto_por_servicio VALUES (111, 1, 6, 56);
INSERT INTO Producto_por_servicio VALUES (112, 1, 22, 56);
INSERT INTO Producto_por_servicio VALUES (113, 1, 7, 57);
INSERT INTO Producto_por_servicio VALUES (114, 1, 4, 57);
INSERT INTO Producto_por_servicio VALUES (115, 1, 18, 58);
INSERT INTO Producto_por_servicio VALUES (116, 1, 6, 58);
INSERT INTO Producto_por_servicio VALUES (117, 1, 9, 59);
INSERT INTO Producto_por_servicio VALUES (118, 1, 8, 59);
INSERT INTO Producto_por_servicio VALUES (119, 1, 20, 60);
INSERT INTO Producto_por_servicio VALUES (120, 1, 10, 60);
INSERT INTO Producto_por_servicio VALUES (121, 1, 12, 61);
INSERT INTO Producto_por_servicio VALUES (122, 1, 42, 61);
INSERT INTO Producto_por_servicio VALUES (123, 1, 2, 62);
INSERT INTO Producto_por_servicio VALUES (124, 1, 4, 62);
INSERT INTO Producto_por_servicio VALUES (125, 1, 33, 63);
INSERT INTO Producto_por_servicio VALUES (126, 1, 6, 63);
INSERT INTO Producto_por_servicio VALUES (127, 1, 4, 64);
INSERT INTO Producto_por_servicio VALUES (128, 1, 38, 64);
INSERT INTO Producto_por_servicio VALUES (129, 1, 5, 65);
INSERT INTO Producto_por_servicio VALUES (130, 1, 20, 65);
INSERT INTO Producto_por_servicio VALUES (131, 1, 6, 66);
INSERT INTO Producto_por_servicio VALUES (132, 1, 2, 66);
INSERT INTO Producto_por_servicio VALUES (133, 1, 27, 67);
INSERT INTO Producto_por_servicio VALUES (134, 1, 4, 67);
INSERT INTO Producto_por_servicio VALUES (135, 1, 18, 68);
INSERT INTO Producto_por_servicio VALUES (136, 1, 6, 68);
INSERT INTO Producto_por_servicio VALUES (137, 1, 39, 69);
INSERT INTO Producto_por_servicio VALUES (138, 1, 8, 69);
INSERT INTO Producto_por_servicio VALUES (139, 1, 30, 70);
INSERT INTO Producto_por_servicio VALUES (140, 1, 50, 70);
INSERT INTO Producto_por_servicio VALUES (141, 1, 31, 71);
INSERT INTO Producto_por_servicio VALUES (142, 1, 22, 71);
INSERT INTO Producto_por_servicio VALUES (143, 1, 42, 72);
INSERT INTO Producto_por_servicio VALUES (144, 1, 4, 72);
INSERT INTO Producto_por_servicio VALUES (145, 1, 3, 73);
INSERT INTO Producto_por_servicio VALUES (146, 1, 6, 73);
INSERT INTO Producto_por_servicio VALUES (147, 1, 4, 74);
INSERT INTO Producto_por_servicio VALUES (148, 1, 8, 74);
INSERT INTO Producto_por_servicio VALUES (149, 1, 5, 75);
INSERT INTO Producto_por_servicio VALUES (150, 1, 40, 75);
INSERT INTO Producto_por_servicio VALUES (151, 1, 6, 76);
INSERT INTO Producto_por_servicio VALUES (152, 1, 2, 76);
INSERT INTO Producto_por_servicio VALUES (153, 1, 7, 77);
INSERT INTO Producto_por_servicio VALUES (154, 1, 4, 77);
INSERT INTO Producto_por_servicio VALUES (155, 1, 8, 78);
INSERT INTO Producto_por_servicio VALUES (156, 1, 6, 78);
INSERT INTO Producto_por_servicio VALUES (157, 1, 9, 79);
INSERT INTO Producto_por_servicio VALUES (158, 1, 8, 79);
INSERT INTO Producto_por_servicio VALUES (159, 1, 20, 80);
INSERT INTO Producto_por_servicio VALUES (160, 1, 30, 80);
INSERT INTO Producto_por_servicio VALUES (161, 1, 41, 81);
INSERT INTO Producto_por_servicio VALUES (162, 1, 32, 81);
INSERT INTO Producto_por_servicio VALUES (163, 1, 22, 82);
INSERT INTO Producto_por_servicio VALUES (164, 1, 24, 82);
INSERT INTO Producto_por_servicio VALUES (165, 1, 13, 83);
INSERT INTO Producto_por_servicio VALUES (166, 1, 6, 83);
INSERT INTO Producto_por_servicio VALUES (167, 1, 4, 84);
INSERT INTO Producto_por_servicio VALUES (168, 1, 8, 84);
INSERT INTO Producto_por_servicio VALUES (169, 1, 5, 85);
INSERT INTO Producto_por_servicio VALUES (170, 1, 30, 85);
INSERT INTO Producto_por_servicio VALUES (171, 1, 6, 86);
INSERT INTO Producto_por_servicio VALUES (172, 1, 2, 86);
INSERT INTO Producto_por_servicio VALUES (173, 1, 7, 87);
INSERT INTO Producto_por_servicio VALUES (174, 1, 34, 87);
INSERT INTO Producto_por_servicio VALUES (175, 1, 8, 88);
INSERT INTO Producto_por_servicio VALUES (176, 1, 16, 88);
INSERT INTO Producto_por_servicio VALUES (177, 1, 9, 89);
INSERT INTO Producto_por_servicio VALUES (178, 1, 28, 89);
INSERT INTO Producto_por_servicio VALUES (179, 1, 40, 90);
INSERT INTO Producto_por_servicio VALUES (180, 1, 50, 90);
INSERT INTO Producto_por_servicio VALUES (181, 1, 1, 91);
INSERT INTO Producto_por_servicio VALUES (182, 1, 32, 91);
INSERT INTO Producto_por_servicio VALUES (183, 1, 2, 92);
INSERT INTO Producto_por_servicio VALUES (184, 1, 44, 92);
INSERT INTO Producto_por_servicio VALUES (185, 1, 3, 93);
INSERT INTO Producto_por_servicio VALUES (186, 1, 36, 93);
INSERT INTO Producto_por_servicio VALUES (187, 1, 4, 94);
INSERT INTO Producto_por_servicio VALUES (188, 1, 8, 94);
INSERT INTO Producto_por_servicio VALUES (189, 1, 25, 95);
INSERT INTO Producto_por_servicio VALUES (190, 1, 10, 95);
INSERT INTO Producto_por_servicio VALUES (191, 1, 6, 96);
INSERT INTO Producto_por_servicio VALUES (192, 1, 2, 96);
INSERT INTO Producto_por_servicio VALUES (193, 1, 37, 97);
INSERT INTO Producto_por_servicio VALUES (194, 1, 7, 97);
INSERT INTO Producto_por_servicio VALUES (195, 1, 45, 98);
INSERT INTO Producto_por_servicio VALUES (196, 1, 8, 98);
INSERT INTO Producto_por_servicio VALUES (197, 1, 27, 99);
INSERT INTO Producto_por_servicio VALUES (198, 1, 9, 99);
INSERT INTO Producto_por_servicio VALUES (199, 1, 50, 100);
INSERT INTO Producto_por_servicio VALUES (200, 1, 30, 100);
INSERT INTO Producto_por_servicio VALUES (201, 1, 11, 101);
INSERT INTO Producto_por_servicio VALUES (202, 1, 31, 101);
INSERT INTO Producto_por_servicio VALUES (203, 1, 12, 102);
INSERT INTO Producto_por_servicio VALUES (204, 1, 32, 102);
INSERT INTO Producto_por_servicio VALUES (205, 1, 13, 103);
INSERT INTO Producto_por_servicio VALUES (206, 1, 33, 103);
INSERT INTO Producto_por_servicio VALUES (207, 1, 14, 104);
INSERT INTO Producto_por_servicio VALUES (208, 1, 34, 104);
INSERT INTO Producto_por_servicio VALUES (209, 1, 15, 105);
INSERT INTO Producto_por_servicio VALUES (210, 1, 35, 105);
INSERT INTO Producto_por_servicio VALUES (211, 1, 16, 106);
INSERT INTO Producto_por_servicio VALUES (212, 1, 36, 106);
INSERT INTO Producto_por_servicio VALUES (213, 1, 17, 107);
INSERT INTO Producto_por_servicio VALUES (214, 1, 37, 107);
INSERT INTO Producto_por_servicio VALUES (215, 1, 18, 108);
INSERT INTO Producto_por_servicio VALUES (216, 1, 38, 108);
INSERT INTO Producto_por_servicio VALUES (217, 1, 19, 109);
INSERT INTO Producto_por_servicio VALUES (218, 1, 39, 109);
INSERT INTO Producto_por_servicio VALUES (219, 1, 10, 110);
INSERT INTO Producto_por_servicio VALUES (220, 1, 10, 110);
INSERT INTO Producto_por_servicio VALUES (221, 1, 21, 111);
INSERT INTO Producto_por_servicio VALUES (222, 1, 11, 111);
INSERT INTO Producto_por_servicio VALUES (223, 1, 22, 112);
INSERT INTO Producto_por_servicio VALUES (224, 1, 12, 112);
INSERT INTO Producto_por_servicio VALUES (225, 1, 23, 113);
INSERT INTO Producto_por_servicio VALUES (226, 1, 13, 113);
INSERT INTO Producto_por_servicio VALUES (227, 1, 24, 114);
INSERT INTO Producto_por_servicio VALUES (228, 1, 14, 114);
INSERT INTO Producto_por_servicio VALUES (229, 1, 35, 115);
INSERT INTO Producto_por_servicio VALUES (230, 1, 15, 115);
INSERT INTO Producto_por_servicio VALUES (231, 1, 36, 116);
INSERT INTO Producto_por_servicio VALUES (232, 1, 16, 116);
INSERT INTO Producto_por_servicio VALUES (233, 1, 37, 117);
INSERT INTO Producto_por_servicio VALUES (234, 1, 17, 117);
INSERT INTO Producto_por_servicio VALUES (235, 1, 38, 118);
INSERT INTO Producto_por_servicio VALUES (236, 1, 18, 118);
INSERT INTO Producto_por_servicio VALUES (237, 1, 39, 119);
INSERT INTO Producto_por_servicio VALUES (238, 1, 19, 119);
INSERT INTO Producto_por_servicio VALUES (239, 1, 50, 120);
INSERT INTO Producto_por_servicio VALUES (240, 1, 20, 120);
